stem,mode,seed,cSDR,uSDR,status
bass,baseline,2021,7.593202,6.984551,complete
bass,fixed,2021,7.421528,6.978951,complete
bass,learned_static,2021,7.474654,6.858400,complete
bass,dynamic,2021,7.373236,6.894755,complete
bass,baseline,2022,7.622922,7.116513,complete
bass,fixed,2022,7.373517,6.888032,complete
bass,learned_static,2022,7.190206,6.739870,complete
bass,dynamic,2022,7.622077,7.052023,complete
drums,baseline,2021,7.059388,6.831300,complete
drums,fixed,2021,7.042897,6.844409,complete
drums,learned_static,2021,7.082186,6.884874,complete
drums,dynamic,2021,7.039063,6.846294,complete
vocals,baseline,2021,9.961587,9.947449,complete
vocals,fixed,2021,10.080412,10.167957,complete
vocals,learned_static,2021,10.024560,10.087855,complete
vocals,dynamic,2021,9.955668,9.907351,complete
vocals,baseline,2022,10.118727,10.161839,complete
vocals,fixed,2022,10.053442,9.999698,complete
vocals,learned_static,2022,9.982970,9.976189,complete
