time	event	experiment	detail
2026-09-28 21:32:03	start	ft_drums_baseline_s2021	
2026-09-29 03:43:17	done	ft_drums_baseline_s2021	
2026-09-29 10:35:26	start	ft_drums_learned_static_s2021	
2026-09-29 14:13:24	start	ft_drums_dynamic_s2021	
2026-09-29 16:14:47	done	ft_drums_dynamic_s2021	
2026-09-29 16:29:12	start	ft_drums_fixed_s2021	
2026-09-29 18:00:53	done	ft_drums_fixed_s2021	
2026-09-29 18:43:25	start	ft_bass_baseline_s2021	
2026-09-29 20:01:26	done	ft_bass_baseline_s2021	
2026-09-29 20:25:41	start	ft_bass_fixed_s2021	
2026-09-29 21:58:15	done	ft_bass_fixed_s2021	
2026-09-29 23:08:37	start	ft_bass_learned_static_s2021	
2026-09-30 00:41:47	done	ft_bass_learned_static_s2021	
2026-09-30 00:53:35	start	ft_bass_dynamic_s2021	
2026-09-30 02:27:20	done	ft_bass_dynamic_s2021	
2026-09-30 02:39:04	start	ft_bass_baseline_s2022	
2026-09-30 03:56:52	done	ft_bass_baseline_s2022	
2026-09-30 04:08:22	start	ft_bass_fixed_s2022	
2026-09-30 05:40:42	done	ft_bass_fixed_s2022	
2026-09-30 05:52:22	start	ft_bass_learned_static_s2022	
2026-09-30 07:25:16	done	ft_bass_learned_static_s2022	
2026-09-30 07:36:56	start	ft_bass_dynamic_s2022	
2026-09-30 09:10:42	done	ft_bass_dynamic_s2022	
2026-09-30 13:15:35	start	ft_vocals_baseline_s2021	
2026-09-30 16:21:31	done	ft_vocals_baseline_s2021	
2026-09-30 16:51:27	start	ft_vocals_fixed_s2021	
2026-09-30 20:34:37	done	ft_vocals_fixed_s2021	
2026-09-30 20:47:47	start	ft_vocals_learned_static_s2021	
2026-10-01 00:31:32	done	ft_vocals_learned_static_s2021	
2026-10-01 00:44:47	start	ft_vocals_dynamic_s2021	
2026-10-01 04:30:02	done	ft_vocals_dynamic_s2021	
2026-10-01 04:43:15	start	ft_vocals_baseline_s2022	
2026-10-01 07:48:43	done	ft_vocals_baseline_s2022	
2026-10-01 08:01:33	start	ft_vocals_fixed_s2022	
2026-10-01 11:44:14	done	ft_vocals_fixed_s2022	
2026-10-01 11:57:20	start	ft_vocals_learned_static_s2022	
2026-10-01 15:42:14	done	ft_vocals_learned_static_s2022	
2026-10-01 15:55:34	start	ft_vocals_dynamic_s2022	
